idArchive,dateArchivage,raison,eventId
1,2024-02-27,Yard understand court green citizen form.,99
2,2024-03-18,Involve affect detail radio grow town.,86
3,2024-02-16,Season budget guess.,36
4,2024-01-23,Leg property policy central building three.,68
5,2024-04-28,Operation simple appear sure begin magazine.,28
6,2024-03-12,Beautiful dark item race.,24
7,2024-01-12,Issue writer large.,54
8,2024-04-01,No drive edge.,41
9,2024-01-04,Hope and high cold too.,20
10,2024-02-23,Stay because husband.,88
11,2024-01-02,Heart live least data.,78
12,2024-01-23,Network strategy same rate.,79
13,2024-03-17,Especially movie around tell.,57
14,2024-02-26,Culture nothing individual it size these.,12
15,2024-01-25,Father involve center.,9
16,2024-03-20,Phone study which them remember several.,66
17,2024-01-23,Dark story some experience personal.,89
18,2024-05-13,Live whole would.,58
19,2024-01-21,School discussion policy morning.,36
20,2024-02-04,Than south day occur peace newspaper.,27
21,2024-03-10,Worry notice agreement listen star.,88
22,2024-05-01,Likely believe beat.,55
23,2024-02-28,Husband soon half difference American.,94
24,2024-01-19,Between late under finally dinner despite.,51
25,2024-05-14,Watch even usually benefit of around.,62
26,2024-05-03,Product ok seek anything almost.,31
27,2024-04-16,Simply specific quite quite event.,46
28,2024-01-03,Many a how hold.,93
29,2024-05-13,Go page employee majority audience design.,46
30,2024-05-22,Exist movement team.,44
