idCommentaire,idPubli,auteur,contenu,dateCommentaire
1,86,28,Song gun beautiful court develop price instead already win machine seem oil society.,2024-02-14
2,2,55,Include behavior exist pull hope sport half.,2024-04-15
3,96,72,Worry take forward run artist class house make leader store attack up.,2024-05-12
4,92,20,Alone similar public dream some newspaper magazine late let just trip.,2024-01-29
5,45,78,Magazine few smile network Congress political friend leader team some others.,2024-03-17
6,65,55,Cultural hear morning too sister a cover here certainly option marriage different.,2024-05-23
7,3,76,Court realize learn meeting least sell road give few nearly risk.,2024-01-19
8,7,51,Change evidence realize right ready home store nearly system dinner should bank official stuff.,2024-01-19
9,70,67,Seem nor American everything color will hope against.,2024-03-12
10,70,46,Structure job right notice beyond language low keep voice seek decision model over necessary hope interview.,2024-01-24
11,18,40,Customer director tonight like economic choose wind might he paper wait simple clearly budget happy.,2024-04-06
12,36,75,Amount radio wait American increase office moment themselves fine occur sport notice trouble prove.,2024-02-23
13,16,22,Seek executive shake team federal without another worry.,2024-01-03
14,94,28,Alone whatever chance far than girl easy rule require into hear.,2024-04-22
15,43,56,Nature page everyone artist part speak financial card to remember.,2024-04-01
16,13,99,Realize certainly red arrive friend assume official same meet president partner step be.,2024-05-23
17,27,87,Foot place price check girl herself other firm analysis traditional.,2024-05-18
18,97,40,More modern control seven realize site grow deep size task allow government against to parent.,2024-05-10
19,29,60,Material meeting tend year serious do town.,2024-02-05
20,4,44,Only agree beautiful him contain always the energy information.,2024-03-06
21,42,49,Agreement wife same opportunity general live dog police.,2024-04-02
22,87,32,Blood enough them government take seat listen speech ok girl entire.,2024-01-24
23,42,8,Brother all for candidate new by would up.,2024-05-15
24,12,55,Nor language themselves five trial you PM.,2024-05-13
25,51,40,Goal quickly specific night science data seven major final generation past letter itself act doctor wish.,2024-02-10
26,14,10,Beyond put improve there old team hand know.,2024-02-14
27,35,10,Toward identify involve almost ask decide best all.,2024-01-14
28,82,20,Food politics these role between current figure quite perform as.,2024-04-28
29,8,39,Bar return dream practice report marriage item war new.,2024-03-10
30,48,88,Wonder nice memory drop child foot gun gas we wrong event send daughter.,2024-02-21
31,39,93,Cold least Mrs have give shoulder current art at system choice prevent until also old.,2024-03-05
32,34,92,Role yard two throw need raise remain resource movie receive may interview.,2024-01-20
33,99,34,Successful bill end prove stay key attention.,2024-05-17
34,11,24,Feel ever any like same skill others art these whom both information professor them role exactly.,2024-01-07
35,26,100,Design wish family focus guy specific simple sea.,2024-05-20
36,50,83,Administration probably boy top song cup good serious.,2024-04-26
37,14,76,Arrive explain agency follow fund eight the against wonder painting fear garden manager.,2024-01-29
38,74,11,Bed speech move piece far everything call nor reality dinner history analysis course article.,2024-05-06
39,38,60,Late necessary suddenly building true attention hit moment daughter military us home score true simple across.,2024-01-12
40,99,74,Late admit less drop write study sell than fill whose against enjoy low land.,2024-05-03
41,15,89,Everyone father identify possible skill successful call sell range employee choice carry relationship arm.,2024-01-22
42,76,94,Seem onto hope than simple speech over option degree its unit loss top.,2024-01-25
43,87,15,Relate because toward wife new view no customer one seem player billion affect relate child above.,2024-02-23
44,8,53,Region responsibility instead provide drug trouble hand stage.,2024-01-11
45,44,25,Into our ball week sometimes like attorney no not every author while thus west see yard.,2024-04-01
46,66,46,Policy across service personal necessary car lead expect radio concern seek trouble daughter former father section.,2024-05-22
47,41,33,That around else identify car however police attention old beautiful technology seat ever rate factor.,2024-04-26
48,88,56,Star choose man sometimes agreement fly see get fast plan seven note.,2024-05-15
49,88,92,Speech note event idea ground research can lead father threat.,2024-02-26
50,20,27,Family answer just reveal order theory man administration.,2024-01-11
51,83,91,Remain discover friend again total responsibility other lawyer board several cell.,2024-03-01
52,65,54,Audience show rise just he affect keep me mother main.,2024-01-17
53,41,86,Include sing none career say form teach he item control green can put to.,2024-02-15
54,7,22,Everybody while place animal list model provide level manager window knowledge evidence wind research.,2024-04-08
55,42,77,Marriage scientist training act form agree suffer treatment spend evening be fast identify much technology place.,2024-03-10
56,73,60,Represent wrong loss defense bag science example fight without report.,2024-02-20
57,11,37,Agent agreement ahead mean relationship company field gun town tell war opportunity interesting assume.,2024-04-04
58,94,86,Sing degree body tough house thousand may.,2024-01-13
59,76,54,College film discover total very worry less it language keep customer international trial put school.,2024-03-23
60,66,54,Less development walk mouth glass back support.,2024-02-24
61,50,8,Example affect free performance employee hope treat bar main enough despite car sense deal.,2024-02-13
62,22,20,Couple nearly up discussion once he attack job up bar one consider decide always heart she.,2024-02-03
63,69,64,Stay success development improve own executive exist safe give.,2024-05-11
64,11,22,Its middle camera garden security control front late sing cultural.,2024-02-19
65,57,34,Bill arm design cup long side senior benefit writer all sister.,2024-02-20
66,99,53,Program foot out accept vote mean else.,2024-02-28
67,40,85,Could run someone military crime service need likely artist can.,2024-02-20
68,23,19,Story positive stuff loss along movie boy financial administration listen party money buy sort.,2024-03-09
69,99,90,Hear nice listen realize bad impact each.,2024-05-09
70,20,69,Around value energy usually entire pass dark mention alone usually throw green take and.,2024-05-07
71,81,98,Hold look pressure education look evidence thought interesting pattern company science camera lead record.,2024-04-29
72,86,40,Itself environmental small president activity attack compare food rate hotel six.,2024-04-14
73,36,6,Sure she knowledge management close fill risk clearly.,2024-03-11
74,65,87,Pm until dark arrive cause myself indeed.,2024-03-23
75,5,54,Cup boy east inside call cultural pass ask toward win control experience human spend film.,2024-04-19
76,88,76,Church nice a dream wear difficult why lose some fill blood.,2024-04-08
77,43,22,Blue make meet join hard market hotel evidence stand know.,2024-01-05
78,61,74,Such Mrs feel old activity international American.,2024-04-13
79,39,77,Anything pressure thus throw statement fact performance buy sea project occur pay step all campaign.,2024-04-19
80,51,53,Whether southern different three the other authority.,2024-02-02
81,47,49,Young plant first subject professor computer itself garden conference suddenly their.,2024-03-22
82,44,67,Quality pattern assume determine own without very happen take example.,2024-04-13
83,11,48,Miss hit after us must all easy pressure break before final.,2024-02-09
84,33,97,They able measure candidate total field both.,2024-02-21
85,25,32,Reason the decade everything court dinner possible either realize learn tell entire.,2024-03-03
86,15,77,Identify sea article security rather us find view up together white police.,2024-03-29
87,6,60,Hot threat stock get behind attack stuff establish hit.,2024-05-12
88,99,57,City other always more yourself spring true ball.,2024-04-23
89,48,59,Create computer recent team by effect seek president TV herself minute some race himself season strong.,2024-02-29
90,31,80,Natural compare language cold financial defense accept responsibility six difficult.,2024-04-21
91,54,55,Number store five future mother others require what even area us certainly bad economic region.,2024-02-01
92,57,25,Computer maybe pick understand this make thus although security consumer town.,2024-04-16
93,92,68,Authority two management glass within sign though case cover.,2024-01-25
94,2,72,Local control particularly threat pick individual read few thus myself pick.,2024-04-08
95,59,94,Important building hour color authority cell deep much.,2024-01-10
96,10,69,Oil fast usually strong radio job discussion unit three tell exist military music move.,2024-02-02
97,26,19,State cover life dark leave discuss service itself.,2024-01-17
98,44,74,Practice order fast full yeah control present activity western three front sign hold Democrat.,2024-02-02
99,12,1,Month anyone health other top benefit call investment alone sort.,2024-04-23
100,78,48,This think most recently center offer explain police dark population for mean.,2024-01-11
