id,auteur,titre,description,categorieId
1,4,Career explain trade hotel whom.,Product newspaper short attack. Total all upon school us such.,10
2,19,Who worry happy day pull.,Decide reflect wife condition ok. Small more probably morning.,2
3,66,Rich exactly product.,Prove suddenly certain traditional available arrive culture all. The want reach physical. Who wind capital play.,6
4,100,Piece past practice front describe.,Pressure sense rest make figure down wife. Gun resource hot six five clear nearly. Go significant action join need relationship.,3
5,16,Wife where either sing pretty.,Leader model office smile nature walk. Yeah miss control thing fill task use. Particular operation seven decade place.,6
6,98,Eat south should.,Couple enjoy family minute television.,4
7,23,Four can study.,School name amount hand seek. Itself brother result age assume administration center law. Surface line community officer movement three product.,10
8,30,Size prove group involve.,Heart own size likely city every dog. House white could market deep. Test use teacher.,7
9,85,Congress government total executive practice.,Painting speak best understand to civil enjoy. Service outside dream the.,5
10,32,Garden professional cause.,List civil either idea oil north compare itself. Key actually arrive seven we win. Skill organization yeah store great bar.,4
11,41,Most out own.,Right approach important certainly if fire kind. Improve million standard keep record accept give. Ever station source international.,5
12,96,Language newspaper soldier attention may church.,Second under no off idea baby. Go message century they. Common win certainly image likely purpose than ever.,7
13,61,Old Democrat community.,Just week oil they. Work add treatment participant actually. Religious remember parent new professor you.,7
14,31,Cell firm relationship better sometimes rather.,Financial bit professional edge eye talk.,9
15,78,Style leg behavior.,Whether half give staff better authority. Will small man common.,10
16,77,Red sit color eat civil.,International soldier choice expect. State weight still student together box believe. Manage statement center member method yeah.,7
17,30,Military entire although window star.,From smile when long without price good.,4
18,50,Simply work police.,Help everyone ever difficult garden manager west. Course ability nearly first. Test interesting white remember better loss pick.,6
19,74,Note late him leader.,Yard increase every best recently. Politics own or hair bad which. Affect soldier history pressure dark artist usually.,10
20,100,Stuff several success seat bill.,Man his allow adult year avoid and. Form pull operation fall color still.,4
21,30,Follow result pull little daughter.,Sea cost never attorney house. Significant realize level space Mr size.,10
22,49,Focus attorney artist shake after whatever.,General education than shake. Letter north three although coach.,8
23,89,If table law or senior.,Which style decision issue team staff exist.,8
24,52,Husband someone gun sign.,Also owner what travel until several around. Fact anyone after bank finish ok. Want which decade step. Begin himself run.,3
25,98,Already evidence whose Republican learn fight.,Happen drive do policy remain stop. Themselves deep around impact very campaign.,6
26,75,Common tree great guess parent.,Seven simple fast. As far thousand town security.,8
27,11,Figure experience sound.,That away laugh stage economy. Down with hard send hard shoulder. Type need develop station. Lead glass save today picture brother.,9
28,3,Send fact call particularly travel leader.,Approach someone whole concern born nice. Film plant deep pull type next. Travel section girl assume get life compare particularly.,9
29,69,Society people might charge inside least.,Individual herself thousand federal response. Political who if mind.,6
30,47,Long especially television.,Explain discuss race then evidence. Either billion crime. Next less line represent middle choose. Box believe its natural heart prove serious.,5
31,49,Sport other recognize.,Will because this live. Product two sit throughout.,6
32,36,Heavy Mrs environment bank no.,Appear company book approach citizen fast woman cup. Music yes cost hospital something entire.,4
33,63,Thousand view participant fact beat.,Smile radio film view sport part. Interview couple she interest. Own teach body film lay.,5
34,19,Coach control information always official.,Produce read this star community garden. Imagine owner sign national end them rate.,7
35,81,Pattern a movie.,Lay road together.,6
36,67,As stuff similar close window.,To old last. Within those chair guy animal never. Magazine father work per little dark.,6
37,17,None wind stand statement raise himself.,Hope own Democrat her your so Mr. Cold policy voice.,5
38,24,Away here however type.,Break direction safe seek half pay professor.,10
39,47,Not there indeed away life physical.,Free arrive life interview or he various. Strong business five factor. Strategy some individual group.,3
40,58,Herself something think church.,Finish read personal approach. Record could nation race throw moment.,4
41,50,Law they court win policy speech.,Debate senior use. Sense create record yet year foreign economy matter.,7
42,13,Apply phone agency vote management.,Seek trouble knowledge responsibility seat director whether. Section report event baby tell almost never never. Hit American mother data eye beautiful.,2
43,88,President campaign establish.,Rock kid buy discover right central sit. Tell crime yes while name occur check issue.,7
44,6,Political letter position unit always officer.,Single season office quality manager. Police data hand wrong key focus. Window campaign cost choose will him partner blue.,6
45,11,Exactly fear success high out pretty.,Trial board popular person probably family color. Particularly sound mention or. Size door by rock Mr eight particularly.,6
46,19,Authority recently company attention Mrs key.,Member behind born same high movement finally. Middle group whose wind consumer bank child. Beyond stop little yard ok tax theory.,5
47,59,Body claim economic agreement budget.,Drop yourself try there should.,8
48,53,Notice business check force on we who.,Three night involve hot east by. The beautiful however also international reveal factor.,2
49,80,Read response couple early former moment.,Enjoy common bill tonight choice once draw. Bill purpose threat positive girl right share. Maintain if local somebody nearly.,1
50,52,Voice also develop her cold.,Enter cost indicate institution center entire agent. Audience guess like read bit. Rest according improve international center health.,1
