id,auteur,nomEvent,dateEvent,lieuEvent,nbPlaceDispo,nbPlaceReserve,organisateur,liens_web
1,110,Wrong recently note enough.,2024-08-23,Rachelfort,207,129,,"{http://davis.biz/, https://davis.com/}"
2,225,Whose perform building student.,2025-09-12,West Holly,452,392,219,"{http://brooks.com/, http://medina-marshall.com/, https://www.lee-brown.info/}"
3,127,Lead always treat physical.,2024-12-30,New Stephanie,116,38,269,"{https://www.trujillo.biz/, http://scott-montoya.com/, http://george.com/, http://barton.com/}"
4,74,Well say this.,2025-04-19,Briannastad,50,26,29,"{https://www.byrd.com/, http://vasquez-williams.net/}"
5,167,Life pay window glass.,2025-09-13,Port Ashley,342,327,,"{http://www.richard.com/, http://mckenzie.com/}"
6,17,Information wish listen response.,2026-03-29,Bryantmouth,381,316,130,"{https://shields-dean.com/, http://www.gardner.biz/, http://www.perez-woodard.biz/, http://griffin.org/}"
7,16,Store herself movement seek.,2025-12-17,Pagemouth,387,246,,"{http://www.daniels-flynn.info/, https://hopkins.com/, http://coleman.org/}"
8,270,Suddenly hear thing more official face.,2026-02-08,Howardstad,297,190,178,{https://www.wallace-bartlett.com/}
9,69,Military station represent state air onto.,2026-03-16,Watsonmouth,167,23,11,"{http://www.lewis.biz/, http://www.king.com/, https://randolph-summers.com/, https://parrish-smith.com/, https://vaughn-skinner.org/}"
10,93,Phone happen scene.,2024-06-12,Frankshire,303,130,20,"{https://boone.com/, http://hughes.com/, https://www.mays-greene.com/}"
11,109,Then act table decision stock floor.,2026-02-08,North Sarahchester,455,290,,{https://davis-thomas.com/}
12,122,Teacher wind eat national nature.,2025-09-20,Vargasburgh,294,131,217,"{http://quinn-ortiz.net/, http://adams-mckinney.com/, https://www.leon-chandler.com/, https://www.lee-haney.com/}"
13,239,That soon entire time.,2024-10-17,West Nathanton,,6,222,"{https://www.foster.com/, https://www.anderson.com/, https://wells.com/, https://www.ramos-cook.com/, https://stevenson-turner.com/}"
14,190,Budget because four.,2025-07-25,Kristishire,104,27,,{https://kelly.com/}
15,184,Employee exactly this decide.,2024-12-22,South Jasmine,120,44,,"{http://www.turner.com/, https://salas.com/, https://www.glass.com/}"
16,91,Work green reflect thank man.,2026-05-08,Lake Sandraland,201,33,,"{http://edwards.com/, http://www.thompson-smith.com/, http://bailey.com/, http://www.kelly.com/}"
17,194,Early no important think it.,2024-12-27,Kellifurt,193,161,,{https://www.tucker.com/}
18,98,Kid often everything know price like.,2026-03-08,Port Jenniferstad,294,279,,"{https://www.schneider-lewis.com/, http://taylor-clayton.com/, https://mills.info/}"
19,59,Money grow billion experience eye trip.,2025-11-05,Lake Daniellefurt,123,25,172,"{http://reed.net/, http://www.benjamin-hall.com/, http://www.williams.com/, http://www.mckinney-phillips.com/, http://www.hill-collins.net/}"
20,229,In station market concern big recognize.,2024-06-08,Jakeshire,248,219,,"{http://www.miller-howe.com/, https://daniels.biz/, http://www.chen.com/, https://www.elliott.com/, http://jimenez.com/}"
21,224,Memory those she something.,2026-05-26,South Tyler,,117,,"{http://leonard.org/, http://simon-friedman.com/, https://www.singh-cruz.biz/, http://www.wong-wheeler.com/}"
22,132,Body again chair author he.,2026-03-14,East Scott,420,284,,{http://gray.com/}
23,259,Court a any.,2025-10-28,South Anna,275,266,,"{https://www.martinez.com/, http://www.greene.net/, https://www.fitzpatrick.biz/}"
24,54,Writer loss simply voice when mission.,2026-05-06,Port Jennifer,494,424,226,"{http://www.hoover-romero.org/, https://www.moore.org/}"
25,238,Enter kitchen position mouth whose media.,2025-12-14,Ortizview,446,263,196,"{https://russo-gonzalez.biz/, https://thompson-jordan.com/}"
26,155,Sure thought hit another.,2026-02-02,Russellberg,,139,141,"{http://alexander.com/, https://wallace.info/, http://www.henry-oliver.com/, http://smith.com/, http://www.brown.com/}"
27,156,Involve station by that message.,2025-05-17,Bryantmouth,310,298,,"{https://wright.net/, https://travis.com/, https://www.stephens-copeland.com/, https://king.net/, https://lyons.com/}"
28,268,Front girl under television cup behavior.,2025-04-23,South Christinaton,218,135,,"{https://galloway-archer.biz/, https://clark.com/, http://mcdaniel-medina.com/}"
29,151,Throw high beat.,2024-10-23,Castroview,290,16,77,"{https://www.patrick.biz/, http://sullivan-johnson.com/, https://miller.com/, http://kennedy-hughes.net/}"
30,253,All operation sort indeed suffer.,2024-06-24,Port Sarahfurt,475,197,75,"{https://davidson.com/, https://rice-kelly.com/, https://www.stokes-howard.com/, https://www.orr.info/, http://duarte.info/}"
31,128,Become final race report happen head.,2026-02-04,South Barbaraport,186,113,195,"{https://www.jenkins.com/, http://www.rivera.biz/, http://bullock-harris.org/, https://thompson.com/, http://www.hamilton.com/}"
32,75,Live production expert parent marriage.,2025-02-18,Shannonburgh,316,255,,"{https://rodriguez.com/, http://www.peck.com/, https://hernandez.com/, http://rice-durham.org/, http://www.johnson.com/}"
33,21,Will skill player.,2024-10-03,South Kathleenside,335,50,65,"{http://www.clark.org/, https://www.adkins.com/, http://www.cuevas.net/, https://haynes.info/, http://www.hall-wolfe.org/}"
34,288,Husband style shake against.,2025-03-22,West Patricia,77,14,34,"{http://hernandez.info/, http://johnson-ellis.net/, https://www.phelps-pena.org/, https://carr.com/}"
35,170,Must chair none.,2025-11-23,Paulton,266,82,,"{https://foster.info/, http://brown.biz/, http://www.schneider-russell.com/}"
36,257,Indeed toward seem leave thank.,2025-05-18,Mackburgh,431,134,,"{https://www.berry.org/, https://lynch.com/, http://www.flynn-bennett.com/}"
37,7,Than first beyond occur over may.,2025-07-17,Susanton,366,307,,"{http://brown.com/, https://atkinson-pitts.com/}"
38,139,Situation question popular money only.,2024-11-29,Gonzalezton,204,99,110,"{https://williams-ball.com/, http://fernandez-hunter.com/}"
39,84,Result industry organization technology room.,2024-07-09,Acostaberg,393,267,,"{http://www.griffin.net/, http://turner-walsh.info/}"
40,133,Very approach may.,2024-09-10,Lake Johnborough,,129,,"{http://www.herman.com/, https://bailey-anderson.com/, https://www.coleman-edwards.com/, http://williams.com/, http://www.solomon.biz/}"
41,126,Half southern modern rich thank speech.,2025-06-12,New Nicholas,165,8,231,{https://wise.com/}
42,183,Manager phone only.,2024-10-28,Kleinbury,,196,,"{http://bray.com/, https://www.williams.com/, https://huffman.com/}"
43,166,Section hair economic each.,2025-07-30,East Russell,247,143,,"{http://hutchinson.com/, https://bond.org/, http://www.pope.com/, https://garcia.com/, http://jackson-saunders.org/}"
44,268,Risk must determine professional strong course.,2025-01-29,Karenstad,188,61,,"{https://morgan.net/, http://www.adkins-walker.com/}"
45,203,Society director point light.,2025-08-18,Jamesborough,302,293,,"{https://www.gilbert.com/, http://www.wade.biz/}"
46,258,Land agreement institution benefit test never.,2024-11-19,West Brookemouth,361,76,38,{https://www.allison.net/}
47,147,Detail attorney always.,2025-08-01,Garciashire,,19,289,"{https://oconnell.org/, http://rush.com/, https://smith-robinson.biz/, http://vega.com/, http://scott.com/}"
48,113,Employee together learn air.,2025-08-19,Hoodbury,419,327,60,"{https://www.morgan.com/, http://www.palmer.com/, http://www.walker.biz/, https://garrett.info/}"
49,72,Price police husband.,2026-05-03,West Jenniferfort,278,165,,{https://strong.org/}
50,119,Through back low single wish.,2025-12-17,Sonyaland,,24,276,"{https://pratt-tate.com/, https://www.marsh-davis.info/, http://leonard.biz/}"
51,29,Sing quite able walk per.,2024-09-03,Johnsonfort,296,91,78,"{http://www.blankenship-garcia.com/, https://www.schmidt.com/}"
52,178,Bank main paper while.,2026-03-19,East Melissa,200,124,214,"{http://johnson.com/, http://www.howell.info/, http://rivera.org/, https://www.ramirez.com/}"
53,279,Space speak here.,2025-04-16,New Reginaldville,,139,,{http://mcmillan.com/}
54,265,Class Mr raise quality skin power.,2024-10-07,West Wendy,275,250,156,{http://lane.com/}
55,171,Seat shoulder entire.,2025-06-25,Tylermouth,423,392,153,{https://www.palmer.com/}
56,224,Answer central history.,2025-07-10,Johnathanmouth,331,91,,"{https://www.king.com/, http://wood.com/}"
57,156,Bank senior huge across side.,2025-09-25,East Deborah,338,124,,{https://hernandez-chavez.com/}
58,49,Future listen southern respond.,2026-03-27,South Janestad,494,73,,"{https://www.jones.com/, http://phillips.net/}"
59,70,Attorney Mrs organization.,2024-08-11,Angelaburgh,,55,281,"{https://jimenez.org/, http://www.larson-nicholson.com/, http://www.humphrey.info/, http://smith.com/, http://www.mahoney.com/}"
60,221,Second assume both magazine ability reach.,2025-06-27,Marcusstad,479,304,,"{http://bennett-dickerson.info/, http://crawford-hess.com/, https://www.aguilar.com/, https://taylor.com/, http://cook.org/}"
61,78,Evening miss condition kitchen.,2024-06-17,Rachelport,199,34,,"{https://juarez-tran.com/, http://foley.biz/, https://www.rogers-johnson.com/}"
62,86,Along current teach.,2025-05-04,East Pamelamouth,461,336,,"{https://www.palmer.com/, https://www.arnold.com/, https://lewis-reeves.com/, https://www.miller.com/}"
63,122,Form far firm happy.,2024-07-26,Smithmouth,476,304,165,"{https://chang.com/, http://martinez.com/, http://casey-singh.com/, http://hayes-rice.net/}"
64,129,Test capital responsibility what evening.,2024-10-18,Victoriachester,155,135,,"{https://www.moore-patton.org/, http://freeman.com/, https://wood.info/}"
65,267,Continue name room try along.,2026-03-14,Port Allisonchester,63,31,234,"{https://www.james.com/, https://www.butler.info/, http://allen.org/}"
66,56,Visit help see.,2024-10-13,North Sherifurt,266,10,295,{https://eaton-adams.net/}
67,221,Vote miss defense season.,2025-01-26,Amandamouth,364,256,69,"{http://www.phillips.com/, https://www.johnson.biz/, https://www.morgan.info/}"
68,65,Green bed energy.,2024-07-17,Lunatown,118,1,62,"{http://turner.com/, http://vaughn.net/}"
69,108,Choice adult such like someone.,2025-09-03,New Kristenview,142,142,,"{https://wood-lewis.com/, https://walton-brooks.com/}"
70,53,Determine customer against gas.,2025-08-27,North Matthewchester,436,166,,{https://marshall.org/}
71,71,Tree them alone.,2025-06-15,Clarktown,59,1,171,{https://www.wells-herrera.org/}
72,156,Tell choose election lot center.,2025-03-14,Benjaminton,328,50,252,"{http://kennedy.net/, https://www.whitehead-hernandez.org/, http://www.martin.com/}"
73,34,Agency including pass.,2024-12-18,Lake Tyler,394,256,126,"{http://snyder.com/, http://www.wilson.com/}"
74,80,Material best little left.,2026-04-16,Lake Allisonland,178,124,112,"{http://campos-daugherty.biz/, http://www.robinson.org/, https://www.bell.com/, http://thomas.com/}"
75,210,Such modern third.,2024-12-10,South Norma,,23,265,"{https://rowe.biz/, http://gilbert-short.org/, https://www.lawson.com/, https://www.romero.com/}"
76,170,Project how others.,2025-09-22,Alexismouth,462,207,146,"{http://www.romero-roberts.org/, https://parrish.com/, http://bowman-kim.com/}"
77,76,Set manage happy.,2026-03-10,Hamiltonburgh,434,6,289,"{https://strickland-mcmillan.org/, https://www.robinson.com/}"
78,271,Seat computer not either again play.,2026-04-14,Hunterborough,343,0,,"{https://walsh.com/, http://schultz-bennett.com/, https://www.todd.biz/, https://www.edwards.com/}"
79,261,They put another.,2026-02-18,East Heidi,488,180,177,{https://martinez.com/}
80,271,Natural police behind many whose budget.,2024-07-11,New Lindaville,444,233,,{https://www.clay.com/}
81,277,Place exactly trial.,2025-03-14,South Parkershire,166,37,,"{https://www.lamb.com/, https://dixon-lopez.com/, http://mack.com/}"
82,162,Believe personal what score.,2025-02-03,South Alexander,364,208,,"{http://www.harding.com/, http://www.alexander.org/, http://miranda.com/}"
83,263,Again any whether page.,2024-08-31,Murrayhaven,389,299,75,"{https://byrd.com/, http://rogers.com/, http://beltran-hill.com/, https://nichols.com/}"
84,295,Pretty many child.,2024-06-08,Vickimouth,148,89,,"{http://watts.com/, http://fletcher.org/}"
85,78,Who performance start.,2025-07-01,Port Susanfurt,115,56,290,"{https://www.brown-brown.net/, http://hicks.com/, https://miller.info/, https://frost.net/, http://campbell-vazquez.biz/}"
86,158,West just ask daughter.,2025-09-22,Lake Isaacshire,196,25,,"{https://mendez.com/, https://www.atkinson.com/, https://www.jarvis.info/, https://mullen.org/}"
87,34,Foot improve nor paper decision.,2025-06-24,Angelastad,201,88,,"{http://benson.com/, https://www.davis-phillips.com/, http://davis.net/, http://www.huynh.com/, http://www.garcia.com/}"
88,96,Huge notice today.,2025-09-27,New Aliciaview,496,61,250,"{http://elliott.com/, http://davis-perez.net/, http://brown.biz/, http://www.thompson-brown.com/, http://lynch.info/}"
89,32,Stage word consider.,2025-06-08,Lake Davidton,228,173,285,"{https://www.shaw.org/, http://www.santiago-jones.info/, https://www.sanchez.com/, http://garcia.org/, https://tucker.com/}"
90,294,Success answer land chance still.,2026-02-12,South Stephaniechester,468,382,,"{http://herman-sullivan.com/, https://www.thomas.com/}"
91,180,Room structure question behind admit.,2025-01-13,Carolchester,299,267,236,"{https://beck.net/, http://www.bullock.info/, https://www.curtis.com/, https://erickson.com/, https://king.net/}"
92,299,Economic away season effort.,2024-06-30,Osbornefort,369,211,110,"{http://mendez.com/, http://www.lyons.biz/, https://flowers-brown.org/, http://www.phillips-church.com/, https://miller.info/}"
93,61,Television southern need.,2025-04-21,Lake Jasmineburgh,91,17,,"{https://tyler.org/, https://www.sullivan.com/}"
94,183,Movie the its.,2024-12-29,East Kathleenland,291,288,,{http://www.warner.com/}
95,99,Forget attack camera strong against environmental.,2025-07-25,South Christy,164,43,,"{https://lee.org/, https://noble-key.net/, http://www.morton.com/, https://www.johnson.net/, http://baker.com/}"
96,132,Turn line often main important day.,2024-08-19,South Karenville,134,100,,"{http://reynolds-alvarez.com/, http://www.faulkner-white.info/, https://adams.biz/, https://www.moore.info/, http://davies.com/}"
97,126,During wrong stage member.,2025-08-27,New Abigail,135,81,,"{http://www.simon.com/, https://www.patterson-young.com/, https://www.nguyen.com/, http://brooks-barber.com/, http://choi-gonzales.biz/}"
98,172,Pm television production source.,2026-05-17,Rodriguezberg,449,378,95,"{http://www.frazier.biz/, https://www.gallagher.info/, https://www.ferguson.com/}"
99,208,Either floor without land full final.,2025-01-29,West Denisemouth,374,365,,{http://www.robles.com/}
100,181,While one size player rule hand.,2025-08-08,New Patriciaberg,478,309,,"{http://www.white.com/, http://acevedo-stevens.com/, http://www.garcia.com/, https://todd.com/}"
101,200,Environment garden section.,2026-03-01,South Crystal,462,63,192,"{http://keller.com/, http://www.jones.com/}"
102,237,Another professional health pass.,2026-03-26,Hollyberg,55,54,173,"{http://moody.info/, https://williams.com/}"
103,207,Find yet step.,2025-04-06,Port Megan,138,13,150,"{http://lawson.com/, https://malone.com/, http://smith.com/, https://chavez.com/, https://miller-lopez.com/}"
104,32,Or direction too day speech color be.,2024-08-21,Andersonport,131,82,27,{http://nguyen-smith.net/}
105,134,Old only third player herself arm.,2026-04-28,Matthewland,448,386,,"{https://www.benson-combs.com/, http://warren-barron.com/, https://perez.info/, http://goodwin.com/, https://www.short.com/}"
106,154,Space measure health they knowledge pretty.,2025-04-13,Blackchester,388,124,291,"{http://chase.org/, https://gillespie.com/, http://www.cain-patterson.net/, http://harrison.org/, https://mora-rice.com/}"
107,118,Experience camera age seat.,2024-12-12,East Benjaminton,292,149,,{https://fuentes.org/}
108,184,Region admit few raise realize end.,2024-12-09,South Bradfurt,381,348,,{http://soto.com/}
109,185,Step television image good across ground.,2025-09-11,Fisherland,223,189,55,"{http://www.spencer-cooper.com/, https://www.rogers-brown.biz/, https://mack.com/, http://www.collins.com/, https://www.stanley.com/}"
110,224,Sure purpose how at.,2024-10-19,Lake Jason,321,96,,"{https://villarreal.com/, https://www.york.org/}"
111,239,Ago young television.,2024-07-26,Paulmouth,248,130,,{http://lin.com/}
112,250,Lead tough factor.,2025-12-24,New Thomastown,370,233,,{http://anderson.org/}
113,24,Deep data despite.,2026-03-04,Hillland,275,162,5,{https://shaw.com/}
114,158,Again very cover.,2025-05-28,West Davidport,76,7,,"{https://www.reed.com/, http://miller.org/, http://evans-roman.biz/, https://www.scott.com/}"
115,27,Buy across cause lot.,2025-12-02,Michaelville,53,49,290,"{http://peterson-young.net/, http://www.gibbs.biz/}"
116,119,Green challenge late style.,2025-05-25,Mitchellshire,66,25,,{http://hart.info/}
117,268,Cell board show information away.,2025-11-24,Roseport,62,41,276,"{https://martin-ramirez.com/, http://duran-kent.com/}"
118,165,We make result plant.,2025-12-19,Jeffreyfort,282,6,,{https://boyle.com/}
119,88,Name receive like main five.,2024-07-21,Daviston,373,104,199,"{https://www.pierce.com/, https://thompson.com/, https://www.reyes-ward.com/, http://www.underwood.com/}"
120,229,Security star down business.,2025-05-26,North Jorge,229,106,31,"{http://www.williams.com/, http://www.saunders.com/, https://lynch.biz/, http://bryant.info/, https://www.moore-burgess.com/}"
121,299,Industry happen author bank.,2025-01-06,South Dennisview,170,166,,{http://allen.com/}
122,138,Tough result court table shake crime.,2026-05-20,Lake Kathleen,179,173,181,"{http://allen.net/, https://www.arias.info/}"
123,117,Skill check push student work.,2026-05-05,Port David,316,277,,"{https://www.serrano.info/, http://moore.org/, https://www.duke.biz/, https://www.barnes-payne.net/, https://cortez-williams.info/}"
124,20,Wrong benefit less her value.,2025-06-30,New Jacob,419,299,78,"{https://www.marks.info/, https://www.lawson-pittman.com/, http://www.jensen.org/, https://www.olson-gallagher.com/, https://davis.org/}"
125,159,Many summer decade.,2024-10-25,East Brandon,202,88,,{https://craig-day.com/}
126,282,What key three.,2024-11-21,East Harold,383,237,,{https://johnson-frank.biz/}
127,177,Long American administration what involve.,2024-08-12,Hoffmanfurt,327,70,247,"{http://www.ellis.info/, http://james-hamilton.com/}"
128,253,Open common young career interesting between throughout.,2026-03-06,West Bryanberg,75,24,164,"{http://carter-brown.com/, https://www.carter.com/, http://www.bradford.com/, https://rodriguez.com/}"
129,157,Mother hot space something give effort.,2025-09-19,Robertview,411,391,152,"{http://kaiser.com/, http://www.wyatt.com/, http://www.obrien-rowe.biz/}"
130,75,Present animal manage side give.,2024-07-30,Stephanieview,121,64,,"{http://smith-lewis.com/, https://nguyen.info/}"
131,294,Effect citizen least.,2024-12-13,Port Sabrina,409,180,185,"{http://www.fleming-anderson.net/, https://smith.org/, https://garcia.net/, http://www.myers.info/}"
132,222,System let keep hundred none later.,2025-05-02,North Travisfort,362,147,,"{http://www.pratt.info/, https://www.perez.com/, https://pugh-dalton.biz/}"
133,63,Cut support view collection interview something.,2024-06-10,Chavezville,50,47,,"{http://kim.com/, https://www.waters.biz/, http://www.hoffman-carter.com/, http://www.brown.com/}"
134,31,Later idea can second.,2024-08-11,Nicholechester,423,229,265,"{http://www.maxwell.com/, https://www.parrish-williams.com/}"
135,192,Current office follow hit place spring.,2026-05-07,Bradshawview,212,87,194,{https://www.christensen.com/}
136,89,Name everybody as second.,2024-06-01,Lake Theresa,413,398,,"{https://www.ayala-morales.org/, https://www.rodriguez.com/, https://www.foster-andrews.net/}"
137,191,Soldier follow itself could she growth.,2024-07-18,South Michael,433,35,,"{http://scott.net/, http://www.ochoa.org/, https://hamilton-hernandez.com/, https://www.hughes.com/, https://evans-lucero.net/}"
138,293,Reality fly tell.,2025-05-28,New Melissashire,203,153,178,"{https://peters.biz/, http://wood.com/, http://brown.org/}"
139,39,Team herself believe.,2025-02-18,Dawnburgh,67,30,,"{http://www.cook-haynes.com/, https://diaz.com/, http://reynolds.info/}"
140,14,On bed difference.,2024-06-22,Patrickberg,77,6,16,"{https://www.johnson.org/, http://www.russell.com/, https://juarez.org/, http://www.kirby-wagner.net/}"
141,138,Stage just near next.,2026-04-23,Kimberlymouth,394,0,16,"{http://www.beck-keith.biz/, https://www.collins.com/, https://lawson-barnes.biz/}"
142,8,Peace may writer development quality.,2024-10-22,Michaelton,193,65,,"{http://www.martinez.com/, https://www.mcdonald.biz/, https://www.wiggins.com/}"
143,93,Recent agreement imagine anyone four.,2025-11-28,West Alyssaside,132,65,,"{http://brown-richardson.com/, https://morales.com/}"
144,82,Scene out age one yet doctor.,2024-09-16,Andradeton,311,200,,"{https://www.torres.net/, http://bowen.com/}"
145,92,Star question nation main media catch.,2024-07-17,Coreyland,194,24,26,"{http://hodges.net/, http://thomas.com/, http://moreno.com/, http://evans.com/}"
146,223,Tax pick decide continue card.,2026-02-26,East Scott,321,295,,{https://torres.net/}
147,296,Knowledge beautiful out.,2025-09-24,Port Jeffrey,88,82,115,"{https://www.patel.com/, http://www.turner.info/, https://www.johnson-snyder.com/}"
148,154,Fly whatever direction.,2025-11-27,North Davidport,100,79,272,"{https://alexander.net/, http://www.perez-taylor.net/}"
149,271,Represent table according.,2026-03-05,Lake Billyport,93,82,,"{http://www.brown.com/, http://www.gonzalez.org/, https://www.davis.org/, http://ortiz.com/}"
150,165,Deep you end reach whether.,2026-01-13,Port Maryberg,404,92,172,"{http://www.shaw.com/, http://robinson-west.com/, https://www.martin-ochoa.info/}"
151,145,Little claim manage quickly important.,2026-04-24,Russoshire,454,9,,"{https://carney.net/, https://www.adams-fisher.org/, https://www.obrien-hamilton.com/, https://baker.biz/, http://www.summers-white.com/}"
152,52,Happen service around course.,2025-03-06,Bonniemouth,492,130,,"{http://harris.biz/, http://anderson-rangel.org/, https://www.gibson.net/, http://www.bell-hunter.com/}"
153,179,Ability beautiful election indeed painting middle.,2026-01-24,South Kristinechester,154,126,267,"{https://porter.com/, https://www.davis.com/, http://wilson.info/, http://www.lyons.com/, https://www.jenkins.com/}"
154,8,Must house return certainly where if.,2024-12-07,Lake Ericbury,405,230,,{http://www.torres-davis.com/}
155,140,According good daughter.,2025-04-08,Jonesburgh,151,139,,"{http://booker.com/, http://www.hodges.biz/}"
156,86,Certain follow out when why.,2025-03-02,Fisherbury,177,111,140,"{https://www.murphy.com/, http://taylor.info/}"
157,282,Itself pretty course Democrat.,2026-01-26,Castillostad,461,399,78,"{https://www.oconnor.com/, http://nunez.com/, http://www.salas.com/}"
158,257,Mr now create yet she much.,2025-06-24,West Bethanybury,320,299,,"{https://www.gomez.com/, https://weaver.net/, https://davis.net/}"
159,6,Old sister national.,2025-09-29,Proctormouth,237,68,80,"{https://green.org/, http://bishop-alvarez.biz/, https://stone.com/}"
160,260,West approach how job family.,2026-05-11,Andrewtown,494,319,12,"{https://oliver-hodges.biz/, http://cook.biz/}"
161,214,Indeed everyone full.,2024-10-15,East Davidport,55,13,,"{https://johnson-leonard.com/, http://www.roberts.info/, https://nguyen-manning.com/, http://www.robinson.com/, http://hunt.com/}"
162,9,Amount despite language it according week.,2024-07-08,Lake Christina,244,186,,{http://www.thompson-lane.com/}
163,221,Physical light himself visit note.,2025-12-11,North Dustinport,458,247,,{http://mason-chapman.com/}
164,268,They final line.,2025-10-27,Lake David,382,112,,{http://ross.com/}
165,174,Both already even.,2025-01-20,Mooremouth,284,243,,"{https://www.nicholson.com/, https://www.frazier.com/, https://leonard-meyers.com/, https://perez.com/}"
166,38,Cold home wish.,2025-11-13,South Amandaton,468,379,275,{https://www.farrell.com/}
167,222,Brother fish upon once.,2025-12-19,Cookberg,317,73,97,{http://miller-padilla.biz/}
168,184,Shoulder different authority home.,2025-10-19,Rebeccachester,324,197,55,"{https://good.com/, http://www.molina.org/, https://www.schmitt.biz/, http://griffith.com/, https://ryan-kim.org/}"
169,30,Guess stay learn hundred task beyond.,2025-01-22,West Jose,393,282,,"{https://owen-yu.com/, http://www.hernandez.org/}"
170,78,Special firm whatever tree deep sort.,2024-10-18,Wagnerland,400,385,,{http://www.green-coleman.com/}
171,218,Article two successful field doctor.,2026-04-02,Port Karaville,475,292,,{https://www.lewis.org/}
172,75,Three support whose evidence.,2025-12-24,Castanedaview,123,111,,"{http://www.jones-perez.com/, https://www.carter.info/, http://www.sims.com/, https://mills.com/, https://beck.net/}"
173,287,Weight bar Congress coach result.,2024-11-23,Lake Ashleyshire,109,38,267,"{https://solis-webb.com/, https://www.brooks.com/}"
174,170,Perform positive may media.,2025-04-25,Woodchester,405,309,11,"{http://www.saunders.net/, http://wilkins.info/, http://www.price-brown.com/, http://saunders-garrison.com/, http://www.norris.com/}"
175,181,Reach toward arm reduce.,2026-05-17,Mitchellbury,305,240,159,"{http://andrews.com/, http://hansen.biz/, https://www.nelson.com/, https://garza.net/}"
176,34,Arm plan though same drop.,2024-08-19,Garrettside,198,190,179,{https://www.aguilar.com/}
177,142,Leader medical ball west.,2026-01-17,Port Cherylbury,201,13,142,"{http://www.carter-franco.com/, https://www.martinez.biz/, http://www.turner.org/, https://wells.com/, https://johnson.com/}"
178,29,Order word chair land politics.,2024-06-09,Stacietown,390,269,7,{https://duran.com/}
179,73,Civil mouth produce only.,2024-06-14,Lake Gary,288,190,,{https://www.luna.com/}
180,294,Movement my east including during.,2026-05-06,Port Sandra,474,62,282,"{http://meyers.net/, https://www.garner.com/, https://french.org/, https://www.marshall.com/}"
181,163,Plant day everyone you animal stage.,2026-02-26,West George,150,82,,"{https://boyd-bennett.net/, http://harris-powers.info/}"
182,218,Trade clear past south fast.,2025-04-24,Cainstad,101,5,121,"{https://www.williams.biz/, https://baker.org/}"
183,260,Good consider station else member else.,2026-04-13,Millerport,252,230,225,"{http://www.rhodes-graham.com/, https://www.morris-house.biz/, http://jennings.com/, http://www.gibson-vargas.org/}"
184,210,Night its benefit key art.,2025-04-02,West Thomasport,396,177,,"{https://www.flores-hernandez.info/, https://dennis.com/, https://fowler.com/}"
185,163,Wear both field toward interest impact.,2025-12-04,Nicoleshire,80,62,278,"{https://www.lewis.org/, https://mcclain-melendez.info/}"
186,86,Road against leg.,2025-08-09,East Bethstad,225,38,47,"{http://howard-stephens.biz/, http://berry.com/}"
187,77,Democrat collection bed audience trial successful.,2024-11-10,East Michele,296,289,,"{http://wells-figueroa.com/, http://www.fields.com/}"
188,296,Network though would until position difference finally.,2026-01-23,Hayeshaven,325,39,,{https://bell.com/}
189,160,Need party key father suffer board.,2025-09-20,Lake Rebeccaberg,233,74,134,"{http://neal-ponce.com/, http://www.lewis.com/, http://brown.com/, http://www.johnson.info/}"
190,135,Sense study fast candidate policy court.,2024-11-15,Alberthaven,454,178,39,"{https://howell-short.net/, http://www.reed-brooks.net/}"
191,79,Help let avoid loss more trial.,2025-11-15,Ryanberg,260,54,,"{https://mcneil.info/, https://www.johnson-brown.com/, https://salinas.com/, https://www.johnston.com/}"
192,163,Production how human.,2026-05-13,Serranomouth,131,15,,"{https://www.garcia.org/, https://www.sutton.net/}"
193,251,Though suddenly security.,2025-09-04,Lake Kelly,343,102,,"{http://www.barton-lawson.org/, http://bates.com/, https://flowers.com/}"
194,247,Lot or order add.,2025-05-12,South Mark,143,34,87,"{http://www.robinson-williamson.com/, https://www.smith-gomez.org/, https://washington.biz/}"
195,156,Standard compare friend usually.,2026-03-23,East Angelafurt,104,94,13,"{https://chambers.com/, https://smith.org/, https://juarez.biz/, http://www.lowe-bryant.com/, https://gonzalez.com/}"
196,105,Bank voice try.,2025-07-06,Pamelaview,466,369,,{https://lozano.net/}
197,229,Join test control place.,2026-01-07,West Daniellemouth,420,332,272,"{http://contreras-bell.org/, https://www.baker-johnson.org/, https://www.palmer-flores.net/, http://www.jenkins.info/, https://jefferson.net/}"
198,202,Sing safe executive science suddenly name.,2026-03-02,North Melindaside,285,40,208,"{https://www.hudson.com/, https://www.castillo.com/, http://www.young.com/, http://www.villanueva.com/, http://ramirez.info/}"
199,125,Theory firm tonight.,2025-06-04,North Eric,185,183,,{https://www.patel.biz/}
200,102,Fear race soon door machine.,2025-04-09,Douglasmouth,118,30,105,"{https://www.mathews-bradley.net/, http://anderson-schwartz.com/, http://www.drake.info/, https://www.benjamin.info/}"
