id,exp√©diteur,destinataire,contenu
1,38,74,Walk thank tend child approach campaign office.
2,24,81,Seem popular human as artist specific.
3,27,3,Of involve myself performance.
4,49,97,Agent write structure.
5,2,55,Of require financial town.
6,76,82,Ground part should.
7,74,73,Project voice often economy address public Congress.
8,60,88,Soldier number shoulder language hope data.
9,26,40,Notice prevent foreign can identify.
10,2,62,Space people brother imagine.
11,84,88,Capital put national although specific protect thing.
12,13,45,Wait local blood.
13,58,50,Team authority authority friend partner.
14,34,71,Against mouth argue miss food within.
15,39,100,Type young movie past brother system statement.
16,99,47,If at spend much choice create.
17,39,10,Relationship central full very per perhaps.
18,28,46,Top of difference.
19,83,97,Company social trial yourself close its magazine.
20,84,85,Wrong certain hour conference general.
21,23,1,Stage million stay exactly.
22,23,31,Owner teacher important have here guy.
23,56,51,Pattern speech foot forward center read support hand.
24,5,49,Player hotel hair happen standard card.
25,12,48,Good purpose chair red attorney whether commercial.
26,10,25,Friend stuff daughter baby court.
27,21,2,Capital include nice need.
28,82,66,Staff under goal stay tree federal play.
29,85,69,Ahead glass camera gun house student.
30,3,11,Throughout plan fire season carry general staff.
31,51,80,Win heavy window area can edge.
32,87,35,Dog protect before significant.
33,75,66,Identify health worker bring cold onto.
34,82,27,Suffer one family position.
35,81,59,Edge easy keep another.
36,15,41,Enter difficult student yourself hand character herself country.
37,85,9,Party marriage role sound or whether.
38,14,51,Spring cell thus vote.
39,55,95,Cell ball ask create.
40,86,36,Difference for look pressure them impact.
41,94,24,Toward really trouble his author evidence.
42,35,81,Quite ever interesting fly surface discuss news.
43,34,8,Opportunity difficult establish eat day art fly.
44,37,9,Thank nice end range gas.
45,69,10,Something radio born relationship about.
46,37,52,Animal very call finally bring live.
47,84,54,Different team voice sing.
48,40,3,Fact despite speech per feel across relationship.
49,57,60,Daughter player into miss.
50,35,64,Allow person appear whose something.
51,63,47,Attorney traditional onto service since majority leave.
52,67,12,Region likely despite perform magazine.
53,58,35,Maybe writer art history other.
54,3,28,Media base development anything scene.
55,20,94,Listen structure to ready scientist book exactly be.
56,32,92,Officer fall must respond feel tell day.
57,54,82,Campaign federal support involve.
58,82,28,Employee form field better along.
59,6,1,Model this ability others rule remain example.
60,42,46,Sound whether although military name whose.
61,51,29,Give rich him can growth write five.
62,58,9,Past attack foot paper.
63,34,74,Agreement must many stage energy worker.
64,37,75,Management fund physical first too record.
65,48,41,Offer citizen culture generation.
66,63,22,Candidate glass watch help.
67,50,90,Improve fish candidate benefit.
68,21,61,Art morning go whether future month go.
69,69,62,Hard mission writer special.
70,48,6,Foreign international project.
71,62,53,Positive manager several us.
72,20,76,Citizen receive agree piece still.
73,65,14,Side research indicate hospital it report security.
74,4,56,Professional while company type amount example bank.
75,54,31,Bit us air be board film toward.
76,17,68,Safe eat family then.
77,60,93,Past new send hot anything after simply.
78,78,63,Deep end security half.
79,46,95,Stage particular provide season movement.
80,52,78,Once none also.
81,77,50,Food safe week direction medical energy husband fine.
82,53,18,College color other.
83,33,13,Care blood call whether need there.
84,55,42,Hospital note network trip out enter later.
85,96,64,Suggest somebody plant avoid college base after.
86,15,36,Yeah what education use develop.
87,52,75,Service way meeting suffer one ten.
88,43,54,Foot safe air raise detail.
89,59,56,Painting effort former.
90,35,56,Someone quickly build.
91,73,11,Like party her serve wait manage body.
92,63,44,Record although by.
93,6,1,Week education wall daughter stay agree sport building.
94,15,68,Condition whole lay difference Republican avoid food.
95,53,88,Hotel series parent her study control.
96,3,44,Such my discover particular education amount.
97,3,65,Truth now term million already goal care.
98,21,98,Fire pass relationship memory leader employee.
99,10,64,Ahead likely push entire board quality box including.
100,37,49,Last PM business brother.
101,45,18,Size couple property.
102,12,53,Family without reveal when.
103,79,98,Structure meet arm threat me.
104,36,49,Fire no author.
105,29,71,Both travel before stage.
106,2,38,Big evidence entire general bill.
107,75,97,Some bag reality political safe.
108,18,33,Vote this voice so tend.
109,55,1,Risk remain still believe medical rest.
110,47,16,Remember foreign avoid financial.
111,17,49,Step produce raise every religious we human culture.
112,55,11,Season maybe contain nature official.
113,92,56,Around manager force risk truth report pick.
114,31,73,Group table while person remember.
115,23,56,Character choice view light worry with scientist learn.
116,40,37,Rest detail who live until oil box ten.
117,46,25,Modern believe physical others simply return available task.
118,63,43,Type democratic floor control respond.
119,75,50,Threat find open play race act shake event.
120,44,93,Art out marriage while feeling for continue education.
121,94,35,Out but pull together others record and check.
122,99,87,Race a arm without and door arrive.
123,4,12,Get theory house each.
124,85,16,Claim several pay important.
125,90,79,Company box indeed available wife.
126,68,22,Report she suddenly weight chance financial suddenly.
127,77,83,Soon participant simple.
128,91,98,Sell cause suddenly.
129,3,51,Girl forward start determine second.
130,95,84,Method minute mention human determine likely.
131,56,34,Know sister compare world race blood.
132,71,82,Candidate watch room during manager.
133,53,17,Speak very cell by but own can.
134,38,54,Set activity tell offer.
135,54,92,Analysis worker woman.
136,56,66,She watch loss north way community produce.
137,30,50,End teacher without.
138,24,69,Son man agree debate.
139,28,98,Sport let appear executive when help.
140,44,84,Challenge difference human.
141,85,44,Science ability later student.
142,69,6,Possible without skin save growth option.
143,56,77,Side watch still low remain million.
144,94,26,Keep author physical president everything national.
145,18,91,Game help rise technology side against view condition.
146,61,71,Peace away throughout sport our son.
147,91,41,Record key but people instead you.
148,69,35,Professor fill position idea though.
149,33,15,Million fly hot point.
150,53,6,Feeling data leader field.
