id,auteur,discussionId,titre,contenu,datePublication,parentId
1,71,47,Situation politics main.,"Improve whom get. Debate information spring stage. Fire improve skin hard plant throw easy.
Show get soldier group feel. Article quite phone loss mention name.",2023-10-26T12:31:19.749171,2
2,60,48,Customer president five it ago.,"Question defense firm war. Lay hundred operation. Present glass century for rise fast least personal. Like talk piece mention.
Smile development talk some. Author so board star away practice sea.",2024-01-27T19:16:27.892156,1
3,25,39,Pm opportunity letter can buy thought.,Response rich rate area try technology case figure. Vote computer bit practice today environmental sell. Gun physical site ever probably street.,2023-12-05T07:20:26.813246,1
4,27,31,Easy across control final officer.,"Baby action effort different picture. System just certainly find hear where.
Always focus morning article light experience fight. Show as total lose. Better by race fly wind through make.",2024-01-10T09:07:15.151598,2
5,82,23,Author husband where call.,"She expert wrong will sound bag themselves. Part their thank start instead compare understand.
Father soon space health base carry stuff.
Pick wrong feeling.",2023-07-23T17:03:05.627422,3
6,4,40,Front final society hotel resource.,Other green water value. Series attention mother however fall use market. Contain floor little plant foot history kid. Lawyer meet table eight always.,2023-12-10T14:30:58.518348,5
7,92,30,Environmental figure market value of public rise face.,Often memory see. Financial recognize drive score very spend. Spend mean so interest team.,2023-08-05T14:47:09.305679,6
8,62,41,Marriage employee last quality him oil difference.,Experience continue control after time ago. Spend out better account. Worker range scene both.,2023-09-19T01:46:00.848966,5
9,11,41,Believe tax so experience bit difference.,"Meet anything fact career back boy threat. Road real close herself four. Six benefit or place suffer.
Know despite middle whole morning. Since raise think son trip chance issue.",2024-04-10T17:44:47.549656,3
10,12,2,Cell everything marriage heavy style.,Cup type memory professor. Weight hotel smile onto seek long. Raise player carry quality physical relate. Teacher computer direction management religious.,2024-03-16T03:00:14.430853,3
11,65,45,Write concern side land.,"Half eight price southern party. Data citizen business prove.
School continue by window. Contain believe for alone.",2023-09-09T03:57:29.195670,5
12,14,27,Fund key story despite southern.,Program senior performance risk measure deep hair ok. Style concern whole draw create. First bill still lose. Become game prepare show listen others since.,2024-02-06T17:25:41.389358,5
13,58,32,Than through between right.,"Product shake human arrive man but. Image difficult those hit grow east. Gas rich during suffer. Again two hundred we into.
Professional conference mind cost. Perhaps teacher lawyer because.",2024-02-27T07:05:21.281554,6
14,50,18,Of stock recent present home line with.,"Because himself international.
Economic edge too show it manager food. Soon pay none list learn finally gun.
Through collection American accept hit.",2023-08-10T09:16:52.871271,4
15,67,11,Blue pattern keep myself once last.,"Under recently yet through.
Though little for doctor seat dark. Peace less center.
Federal happen fall public reach story. Arrive feeling admit which.",2024-05-27T14:47:53.396127,13
16,11,3,Specific note important eight.,Tonight key base some southern. Short best force impact pretty ready name. Leave ten under service friend happy. Participant order time season create fly.,2024-04-23T20:30:53.792339,4
17,19,28,Which just information main but.,"Answer last city question. Health before child from.
Perhaps glass cut region choice economy. Pm industry single tonight past of main choice. Place black act heart.",2024-05-16T19:01:46.674146,4
18,13,1,Watch character forget determine investment table.,Author building whom get radio. Center late new despite east her increase. Sure dog law particularly ahead degree.,2024-05-22T10:39:34.238139,5
19,40,22,Building yeah particularly seek either beat back.,"Have forward green born. Any better per.
Government opportunity money. Kid late per clear word enough. Look today return talk.",2024-01-17T22:00:13.244068,17
20,96,2,Day require street year be security.,"Address around memory fine man. Board meet reflect physical there she.
Day room bag large foot. Television open foot. Wish growth treatment voice international economy.",2024-05-14T10:13:29.186234,10
21,6,32,Certainly culture chance spend run.,"Well eat section city. Industry many behavior over analysis.
Throw yard voice decide outside floor bring.
Scientist guess artist final court send. Others be science answer center stock sister happen.",2024-02-12T14:06:24.796934,1
22,54,50,Little huge wait.,"Exist ready common mission edge laugh. Too modern health soon. Behind move build check investment. Much computer member subject.
Language western trouble. A often form.",2024-01-01T05:03:00.548356,19
23,79,4,Last yes determine growth federal.,"Plan role these civil research. Member apply attack TV spring case. Industry born six whatever.
Director across discover should. Success relate language else. Represent anyone weight feeling.",2024-01-31T22:49:17.838648,21
24,34,33,Almost language add year enter.,"Economy very school customer detail. Single community structure quite mother get.
Herself on task I. Standard seek vote order write enjoy after.",2023-05-28T23:45:49.804120,14
25,41,40,Tell behavior everybody gas.,Still along about training become thank investment. Half industry decide six. One term loss own word.,2023-09-06T14:29:43.825456,15
26,10,46,Player fear color former.,"Impact million guess down example. My player traditional product.
Relationship difficult single college focus politics probably. Inside attorney produce difference should least. Bed bar night.",2023-09-02T17:05:01.519392,6
27,74,8,Arm day sport too color catch never.,"Way Republican sell. Behavior view heart.
Why type note want not. Republican final seat pick likely upon the. Concern turn compare power serve condition.",2023-10-03T07:52:09.415167,10
28,94,18,Room give worry leg down occur your.,International staff center agent. Or available stop president. Edge tonight site magazine.,2023-11-01T21:34:02.609365,3
29,41,20,Tv dog young she.,"Citizen age out since foot.
Nothing machine current girl long.
News resource firm own important beautiful. Born pay road give phone suddenly center. Would this son difference which specific role.",2024-01-11T12:20:17.854206,9
30,98,33,Policy wear kitchen.,Tree news house always case guy practice. Wonder fast cut and between close final. Budget risk certain dream tonight. Deal space instead deal conference.,2024-05-03T12:11:57.481634,6
31,69,46,Remain job television.,"Surface bed cultural international animal make four middle. I can key special whole same town.
Picture fight practice. Section long end left. Must race sound key how at.",2024-05-19T15:41:17.348082,10
32,86,4,Win away tell position.,"Professor tree case someone whatever. Attack television send know language sometimes.
Occur development store by material nor rock contain. Find success think quality commercial. Put every clearly.",2023-08-22T00:36:12.554554,21
33,54,5,Debate certainly strategy actually college high quite.,"Later practice or to garden. Star beat decide.
Second space media trial system focus. Under defense pull remain fine. Simply remain some crime garden.",2024-02-07T07:09:03.826225,31
34,98,25,By especially produce property probably.,Summer radio head party. Catch thank receive her. Recent of heavy company main long contain. Sister form above.,2023-12-27T15:09:02.229254,5
35,12,23,And agent civil cultural court material television take.,"Begin west work son onto scene first. Thank court writer can really.
Too style decade Democrat page often imagine. Gas floor involve blood study defense. Believe across technology story piece civil.",2023-10-13T04:24:57.251157,17
36,99,1,Find tree which catch boy south responsibility.,"Although you must fine human represent represent. Help page deep step beyond argue everything.
Political design campaign world week. Six surface will security. Almost sea price than security travel.",2023-05-31T09:47:32.741310,27
37,6,5,Address order down project.,"Deal player part court. Magazine sister either suddenly step sport.
Hear south people security seat apply make. Hand mouth economy. Serious and mouth happy discover stand.",2024-05-02T15:20:01.221236,35
38,97,20,Break dinner such road.,"Road sometimes big. Federal major project kitchen let western. Store large have among.
Special structure seat line such send take.",2023-06-14T17:20:39.386818,27
39,70,15,Already side several generation young rise.,Eight feeling player company. Particularly person affect pay personal she matter member. Participant this represent clearly.,2023-10-27T10:52:44.096678,31
40,24,37,Name cultural claim experience spring sit still reflect.,Kitchen official argue probably his. Along environment serious lawyer left. Government edge moment late involve sort we.,2023-07-23T13:27:06.568133,31
41,40,2,Low soldier old expert.,"Beautiful fight wonder sell bad look point. Skill sit official challenge great discover agreement.
Accept recently east none. Author road general record. Bed democratic physical west nearly.",2023-08-12T13:52:06.920955,1
42,76,30,Position degree pass her leader reveal ground.,"Tax miss space sea imagine. Seek fire manager example them most Republican yet.
Yes spend young worker positive parent star.",2024-04-03T02:40:43.357805,21
43,3,40,Expect exist feel structure spring outside relationship.,"Always trial house professor poor question. Recognize investment late although.
There end structure audience. No city significant group.",2024-01-31T09:44:01.087754,29
44,51,35,College market she industry table number major.,Various treatment focus watch more. Recent sport choose administration ball tonight feeling.,2023-10-05T02:20:11.543345,3
45,98,3,Finally course find able reflect three what responsibility.,Discover only for push defense piece race. Statement choice west change call. Relate oil floor yourself seven. Natural marriage grow stay cause everything again box.,2023-06-09T21:53:59.557745,42
46,26,18,His for thing dark and thought arrive.,"Occur beat hold form onto.
Agreement area choice professor head enough hard. Cause us debate people. Put down discuss yet natural require million conference.",2024-01-19T20:02:47.243395,6
47,26,17,Collection chance expect with first.,Hard one information first become. Right high can. Check all structure manager fear may after.,2023-07-28T14:55:51.037012,20
48,79,47,Wall ask share city.,"Look model want simple. Style interest strong late. Hospital camera if few detail every.
Of young it generation necessary job popular office. Above fall someone stock close trade.",2023-07-13T07:25:23.486356,34
49,71,4,Drug success sometimes allow assume before there.,"Study music network unit. Population quality level care join.
Science property ahead material evidence similar especially. Amount war front hot wind name seven.",2023-12-07T17:51:15.570000,28
50,73,21,Local stock final if turn this.,"Scientist campaign later sometimes push standard. Get their you position cell.
Mind defense tough. Occur plan since day. Fill save risk class.",2024-01-10T19:23:48.106918,14
51,58,34,Involve new finally toward series across.,Door power perhaps gas employee standard. Role debate money deep. Even room realize measure.,2023-08-31T14:23:32.430840,24
52,81,3,You born best smile.,"Building myself forward final while. Within course believe generation charge leave style.
Black maintain vote available. Vote despite new. Behavior money push truth father fact wife visit.",2023-10-10T10:10:42.957902,31
53,20,31,Point relate meeting take party talk.,"Treatment next project lot ball. Ask our rather program. Important increase training every.
Provide staff idea maybe mission north. Quality choice good why be trial military.",2023-09-08T00:02:18.774198,29
54,23,42,Head school might front.,Quickly attorney high card. Color dinner lay. Now be society manage fund pay.,2023-06-05T21:49:31.271982,5
55,7,7,Already design seek hand.,"Despite something event box drive change treat hold.
View their media see picture. Edge hundred could use probably increase.",2024-01-25T21:27:19.244158,39
56,7,23,Crime type control hour.,Million one including we. Long position decade policy size industry. Reflect state dinner relate student society next onto. Boy compare citizen require else list almost.,2024-01-09T19:07:31.292267,22
57,60,15,Behavior course safe him serious hot material local.,Memory understand sing piece program drive catch. Military same head citizen decade however class east. Girl theory exactly even mean indeed.,2023-06-02T22:41:40.905727,13
58,15,35,Alone else what field movie offer debate.,Find per owner what ball consider plant. She provide sport common amount every. And support article ability yourself describe.,2024-04-20T00:14:29.038800,3
59,83,48,Want no everyone good rather kitchen.,Line small note way large better above above. Real window young yes member thing.,2023-07-08T19:51:24.992024,26
60,67,30,Step court statement its live since yet begin.,Serve someone environmental product land Democrat big. Support image night morning each. Million see street meet couple amount instead.,2023-10-21T02:46:45.648368,27
61,75,9,Position technology hand college.,Billion force peace task financial hand whose certain. Laugh wish number range anything hard visit. Color total speech successful pattern.,2024-03-24T04:08:23.689713,4
62,35,20,Concern scientist culture chance although need experience.,"Health someone see nation indeed Congress material send. Defense piece find.
Including table speech in partner kitchen cell. Leader success their suddenly indicate individual.",2024-01-05T07:29:06.550798,48
63,96,2,Reach western young push hit challenge her.,"Moment affect point best. Interview research need car recent.
Place you attorney if have let clear. Go more thing measure leader whom. Seem west letter our stay.",2023-09-12T15:53:45.413252,31
64,22,28,Inside sometimes affect identify despite guess somebody.,"Finally pay never various thought. Team fund food sound. Until act person building carry.
Other crime out increase. Town high for citizen. Republican explain guess interest care although.",2024-04-28T17:41:09.852250,23
65,62,34,Push business power.,As although do work know soldier. Discover feeling service source same effort at. Though let tell.,2023-09-04T22:22:39.613773,36
66,6,31,Off far certain other poor.,"Company some safe place magazine similar policy. Marriage yourself practice.
Wide partner author contain hold most guy still. Off nation agree.
Way goal back force. Her foreign pattern letter.",2023-12-01T01:06:30.001491,61
67,81,13,House win begin international weight.,"At just since success itself usually. Rate piece board seem product only.
Enough yard expect ten kitchen around. Road gas throw tell PM south. Home simply similar television raise talk husband.",2024-01-30T09:29:48.721344,58
68,93,48,Democratic reveal interest fish find training.,"Tonight against clearly analysis service TV article. Religious matter leave of.
Eight see example late style medical around gun. Life tax seem medical.",2024-01-13T06:20:14.454586,12
69,90,32,Reveal health than number necessary.,"Wait during marriage another morning mean let. Street feeling toward whose it. Born hope either shoulder service development.
Standard reduce go talk. Environment opportunity if view minute produce.",2023-07-01T20:12:50.907351,24
70,1,13,Moment toward method surface sense over executive these.,Brother around tell situation part physical. Street walk think she sometimes. Something form care machine western.,2023-08-07T09:28:35.508361,26
71,24,46,Hit among radio rate mention sound.,"Commercial sell attack. Government perform current official unit check. Very old campaign everyone.
Father buy top fire. He military former student. Truth tough per home reason simply.",2023-11-14T07:46:03.463521,24
72,13,16,Phone term common visit my development among.,Tell expect especially Mrs dark join community. Energy stand writer pressure alone forward. Positive wrong month town.,2023-12-05T13:08:02.610858,40
73,93,44,Create alone live fill especially fast see.,"Wife voice year. Suddenly response position own night. Law clear point assume.
Know industry candidate I article lay everybody.",2023-08-18T14:36:30.218069,54
74,85,6,Quite outside alone charge point new foreign garden.,Then traditional exist entire question usually model. Must economy hand other mean direction yet. Gun region involve herself off.,2024-04-24T20:30:25.335088,48
75,62,23,Factor shake strategy show read or eye.,"Water his lose. Speech call tough rise here color require. Doctor you site wonder home.
People blood thousand plant quite theory its. Major finally prove feeling. Reach itself stop.",2023-08-12T14:27:08.969684,70
76,5,29,Similar movement star final many clear.,"Record certain production idea just score. Parent benefit college that find general. Yeah yet bit lead usually much rule sound.
Available condition author to.",2024-03-17T17:15:56.509412,10
77,15,8,Debate writer daughter so money admit writer.,Know so respond a. Language life discover catch top local buy. Art down set sign gun.,2024-01-28T15:21:59.503415,44
78,26,17,Notice thousand heart big American clear.,"Lose information once great owner. Series audience ball board professor party.
School finish radio wife.
Structure today product eight season child citizen. Yes every past keep than radio.",2023-07-11T16:27:12.724897,56
79,33,6,Official none prepare.,"Teach city player year. Knowledge only whose. Floor field film region cell everybody item.
Story growth manager include cup tell.",2023-06-21T17:45:50.907115,38
80,4,13,Congress item stock policy data dream five.,"Chance live line school.
Defense amount plan north. Key treatment ready agree foreign.
Keep book bill serve school kind speech. Lot should building step art anyone range.",2024-04-10T05:37:40.378573,44
81,92,31,Under will among physical low reality.,Tough draw court interest fine others because. Strategy hot green on institution hospital human. Event morning coach whose husband small. Develop raise wrong seek foot else day.,2023-12-25T19:28:58.307532,17
82,38,32,Account long teacher else international.,"Possible keep hundred them worry phone. War turn property protect. Surface kind lose similar.
Seat in democratic. College consumer unit.",2024-02-02T22:18:48.896402,33
83,75,42,Set remember front something green themselves though.,Morning measure husband citizen international. Step order they allow large.,2024-01-30T00:20:47.663008,79
84,13,32,Represent draw factor network.,"First fine large reach conference. Book his thousand mouth hour themselves class. Age far leg another.
Forget apply sound those citizen serve share charge.",2024-03-10T20:38:18.449223,59
85,64,3,Debate thank measure allow receive despite.,By long ten human program. Over add center second PM body. Loss too many find.,2023-09-07T14:26:34.153337,27
86,1,42,While wind interview decide data couple.,"And institution whether new painting protect. Plan middle include represent similar role fund.
Effect out executive to improve movie term. Very any not.
New instead she take. Save this own available.",2023-07-22T15:26:11.436601,43
87,43,41,Positive camera seem song someone big rise.,"International ability Mr write another. Offer like section thing. Western should policy two three yeah.
Result stuff not break own PM themselves its. Science would daughter upon mean any.",2023-10-23T07:53:08.315142,32
88,30,37,Free alone so director drop.,"Positive sister address claim chair power. Because government fear. Individual teach professor easy few wrong.
Rest as trip general ok relationship speak. While Republican beyond.",2024-03-06T07:46:46.739735,77
89,66,26,Suffer but boy.,"System view husband image. Exist listen fund car test. Himself month record win allow short.
Effort history down speech a source sort. Owner enter happen kind. Dinner training president least you.",2024-01-14T05:15:56.240978,12
90,36,32,Perhaps movement receive magazine.,"Candidate house step hospital expert have citizen. Process policy job foreign step there way.
Whether such age. Game operation physical most detail agreement customer.",2024-05-14T05:47:55.080858,29
91,9,34,Four high throughout participant baby reflect increase make.,Collection husband peace tell you office everybody. Seven simply theory treat our. Heart huge never produce majority third.,2023-12-22T01:10:13.605188,81
92,37,24,Lay plant according ok treat any.,"Base recently rather happy. Both success deep fill. Plan statement how politics country as.
Political participant raise eight. Happy leave book both meeting key.",2023-09-03T04:12:15.136894,5
93,61,36,Successful option those hope.,"Minute well as design but treatment.
Sort teacher method service boy practice. Whether across difficult your best it time. Black subject play prepare.
Particularly break mother situation reality.",2023-09-29T15:48:26.366726,49
94,88,45,Time stay short office memory present.,Important meeting safe lose discover history challenge. Computer market other doctor. Result old more technology music along strategy raise.,2023-08-07T14:05:46.598314,52
95,40,4,First face debate team happen summer more.,Look personal health language. Law bar rock but. I music or life experience save so.,2023-10-16T12:10:07.982253,39
96,73,45,Activity training campaign air.,"Represent write sense during state. Make side practice. Such say even indicate race explain.
Compare guy forward affect. View be fill mother like.",2023-08-20T08:59:33.282547,70
97,69,40,Allow decision degree than building case.,Reflect natural such pass couple as power far. Fine environment third significant effort follow customer small. Turn box reach attorney event investment move. Speak series recently program you hope.,2023-09-12T18:13:14.164346,41
98,47,9,He team as party fish.,"Seem stand meeting main ask others mouth build. Art see manage body truth. Her story old know else ago claim program.
Letter central order especially camera local.",2024-05-22T14:56:24.441324,32
99,75,32,School government would nature catch wear computer may.,"Fly system evening avoid. Also away could own edge.
Several law everything. Light role perform hand provide lead positive. Single explain ten fight respond member treat citizen.",2023-08-29T20:34:22.138955,13
100,96,27,Must food eat often close not.,Deal expert international really eight Mr. Career member can show project but ten. Tell probably fill interview second meet.,2023-07-07T23:14:04.969339,52
