username,password,email,role
mrocha,Zu6O(zq*M1V+,bethmoran@example.net,organisateurSalle
rossaustin,@+Kt+s5^DE2L,mmoreno@example.net,Club
meghan11,T$@Yhnl0^W3x,jandersen@example.com,Studio
daniellejones,**e5^Xi0ls%5,michael48@example.net,Club
gmathews,@&%4wNa28jL),erica76@example.net,acteur
higginsaustin,@Vd1Rdx9j9Vv,sloandiana@example.net,lamda
philipcole,cD20wWhn&W91,cobrien@example.com,organisateurEvent
elizabethpoole,Ha5!TuZqc^dO,cflores@example.com,Studio
bryancox,pFYnh+R@!nK4,fnelson@example.org,Realisateur
nmartin,1y94ezse^%9E,jwells@example.com,Studio
ambermccarthy,&hXXKl_K1VAr,armstrongpamela@example.com,organisateurSalle
keith68,17LxmkyW%_7x,georgebrown@example.com,lamda
vfox,EkuRcCn9wD!3,fwest@example.net,Club
vjohnson,FHV12pyj!1_b,samantha45@example.org,lamda
zmoore,u^FT)ved!6)Q,whitney24@example.net,acteur
karen87,#6Q%PBPgh7)W,april13@example.net,Studio
laura78,!0FDu%sgvY8D,nancytorres@example.org,acteur
susan64,y0^+YFa)*p39,rebecca54@example.org,organisateurSalle
yatesnatasha,#zouTqmIgA6P,cadams@example.org,organisateurEvent
jodi14,Rr2%CGh(@t&1,davisdavid@example.com,Studio
jeffreyhernandez,)c@wUSFhw2ZS,gordonkari@example.net,organisateurSalle
bhenderson,PxK!t9BeR*&9,travis58@example.net,Realisateur
benjaminwatson,iO6!dLve_bHH,howelljoshua@example.org,organisateurSalle
keith52,2v7_(Ruqzy++,millsolivia@example.com,lamda
peggymccann,_9cOhOKzWv*V,melanie52@example.net,organisateurSalle
jacquelinethomas,*o#7$hAil&v8,riversnicholas@example.org,Studio
christophertucker,%7OjPCE*_Iih,karen53@example.com,acteur
karensmith,^n3GoKgn_*EQ,donnawiggins@example.org,organisateurEvent
bethhall,_$O+xEImA1CU,vanessamurphy@example.net,organisateurSalle
ronald39,$X#Ra^V21g7L,michele07@example.com,organisateurSalle
eileenware,34bJyqq*_DJx,yorkbrian@example.net,Realisateur
joshua76,8rRvZpjy_0*0,stephensalicia@example.org,organisateurEvent
adkinsrebecca,)LCh$A9i4*4u,rbrown@example.org,acteur
kimberlylivingston,S&A3I_w3*#%q,zachary12@example.org,acteur
joneshenry,)1*K(nPrzK7t,jeremy38@example.org,acteur
angela15,J1rEr4ZAA)3n,lwong@example.net,Cinema
abigaildouglas,&UrCY&Su6^17,justin53@example.net,organisateurEvent
mitchelldenise,O!Gj8^_@4a5p,fernandezlindsay@example.org,Cinema
clarkmichael,yBsIfgyAI@2S,brandon96@example.net,Cinema
jefferycasey,3bf^2PEeS$I^,ashley66@example.net,acteur
rbarker,EXWfrVZE^+3u,barbaraclark@example.org,lamda
timothyboone,l7&9PqBK%eDu,kennethknight@example.org,Club
rodriguezmary,v1JRbQhn(O6z,lindsaydaniels@example.com,organisateurSalle
raydaniel,@49C15Qp!)jO,josephmckenzie@example.net,Cinema
rileywilliam,!SZu98UqnX1U,suttonkevin@example.com,organisateurSalle
onavarro,MH6^$%#g$zXg,amoody@example.com,Realisateur
aprilmacias,XkPoj@QQ0l%t,jenniferwilliams@example.net,Studio
hardingeorge,%jyT@7FV06^s,logan92@example.org,Studio
campbellvictoria,vI$j7YKyPwF1,kelleytami@example.com,organisateurEvent
nicholas71,CSTMwKhh(V6Q,carrollwilliam@example.net,Realisateur
anitahenson,3z7qyj8_%WR3,lisawilliams@example.com,organisateurEvent
leah64,GDQqyt6s@u8E,whansen@example.net,organisateurSalle
fduarte,n$UoXda_k^3N,calvinlloyd@example.net,Cinema
gregorynichols,)9Kwah6j$Mok,hannahvalentine@example.com,organisateurSalle
ccarlson,(+5bhSLhUS4x,danielcampbell@example.org,organisateurEvent
katiejohnson,p0$*@tz!+2bK,ybrown@example.org,Studio
vedwards,A!3JVUkp7O!V,tsosa@example.org,organisateurSalle
cwright,8iLF5_t3&19r,jenkinslogan@example.net,Realisateur
jlane,Aq4U!Ewf@h53,lisa48@example.net,Cinema
tyler39,5baXru)b_lOq,obrienmichele@example.net,acteur
debra94,&7Iun$84_WBo,gilbertmichael@example.com,acteur
xhanson,*JQ)98AiL(8),mark10@example.org,Club
bsmith,(KtrNUlO3JFS,udelgado@example.org,lamda
donhicks,e2#4)$NzhwS9,kenneth28@example.org,Realisateur
johngriffin,aCr9EiIkIEQ&,gregorychristopher@example.org,Realisateur
lindseyscott,B_3NFXmJhe7Z,julie87@example.net,organisateurEvent
xgallegos,5$3ORm%dL84y,leslie00@example.com,acteur
nrivera,(64B0m5QAYaK,rodneycooper@example.org,Realisateur
huangjason,#VCV0KrqC6bw,paul42@example.org,acteur
frodriguez,w(2eHKFkHmR9,meltonmike@example.com,acteur
stephanie48,ZaaY#$LgB$h7,meagansanchez@example.org,Studio
wgraves,W8P_yKkuAnM8,gmeza@example.net,Cinema
kyle24,@c1DlKwdVa8#,stevensmichelle@example.com,Studio
xfreeman,#ojaN@bE^U6v,craigwilson@example.net,Studio
ajohnson,Ol3evFdp#4hS,frenchdanny@example.com,acteur
jamesmontgomery,4xaZ)hFm@ht0,eturner@example.com,lamda
ucastillo,PmK6XJAj#Xdv,ruthramos@example.org,Studio
dnewman,T8Wvf0tZBm@#,michaelmoody@example.com,lamda
audreyjackson,)1RTTBvZPpZr,yvonnesexton@example.net,organisateurSalle
smithkelli,#uZn_7Lyj5Hp,reedelizabeth@example.com,acteur
scott18,prBKbXzKmO+8,williamsanthony@example.org,acteur
martinbaker,T_JEe#k_U&6U,william30@example.net,Realisateur
masseysteven,qLD0LIUp^B0x,lisaserrano@example.org,Club
danielcook,_X&Um@Uz(35A,lnelson@example.net,organisateurEvent
smithjermaine,!Vd84bLd%oa9,tonyahale@example.org,Studio
barbarajohnson,QA0FOuXc%xgC,danielperez@example.com,organisateurSalle
solomonjoseph,j4m#LcXPNaKO,joshua06@example.com,lamda
kwalsh,t1G38BCudX$@,bryanhopkins@example.com,Studio
cdalton,$)BcRy!v+*7k,shane50@example.com,Cinema
jackson92,_D1F6ELjb%GC,chadortiz@example.org,lamda
david41,M03A5EJv^TX5,bakertara@example.org,acteur
justin40,7*TOjK_y6g2^,jennifer18@example.com,lamda
joshuagreen,#iGm#l82)1eL,johnfox@example.org,lamda
devon83,%H4aIDdqgA#3,karen68@example.net,lamda
carrie63,+LfEICknZ5qr,danielsandoval@example.com,acteur
brittany53,b@6^yOsq&YTb,gregoryshawn@example.com,organisateurEvent
maria81,hb8bpSuK_6WD,mary50@example.net,lamda
sweeneyashley,Lv97PX9V3$%l,wgonzalez@example.net,acteur
dunnkenneth,8^onPwVk(r8q,tylergreene@example.com,acteur
dbooker,^vxbLEYwal#3,alyssamitchell@example.net,Club
jennifer53,f0SqpId$!^Nb,franciscobrown@example.net,Club
elizabeth69,!48N+3p^o_m2,schneiderlaura@example.org,Club
william70,!#0_XFw&2eR(,jillian04@example.com,Realisateur
hrichardson,ZkcN4g*jo(6Q,lewiseric@example.net,Studio
chadgardner,s2DkMFJw#_7m,tristan09@example.com,organisateurSalle
daniel02,6Jm%)xf5#rHJ,mclark@example.org,Cinema
kgonzalez,pz8(N2uW%4FH,andersonjeremy@example.com,Cinema
jennifer41,WsR_ttqwak6M,ashley27@example.com,Club
amberthompson,yL!m+K3yk*1#,xshelton@example.org,Cinema
davidmartinez,Lb9!ojnnm@bN,rwatson@example.com,Studio
yolanda24,_el5Cleo%*CX,simmonstimothy@example.com,Cinema
keithryan,^91Bw5dZ$Que,martinreed@example.com,acteur
msmith,11B@DJ_2_0hs,dunlapwendy@example.net,Studio
beckerkevin,137IkTg9Y_Ya,campbelljeremy@example.com,acteur
reneefox,ycZsM%NC$Xv8,oball@example.com,Club
brandon83,SV!3(Wxs#2T2,scottclark@example.net,lamda
nancyhoffman,s69+ZKm*1KOT,xbutler@example.com,acteur
hmcmillan,I9mTBNGyL&G5,angelamorales@example.com,acteur
greermichelle,1sunfcYs%nNw,brandylewis@example.org,Cinema
juliewebster,y5Oee1!Q)$nv,qbuchanan@example.com,Realisateur
jrowland,&ATXj10w2tnS,reedadrian@example.org,Cinema
jodygutierrez,vT4Rrw7030z*,juanvaughn@example.org,Studio
dhunter,S%I35S9hPX#k,sfigueroa@example.com,Cinema
heatherhoffman,nZILHGkB4te#,patriciapowers@example.com,Club
markmitchell,t*+nA9!y7XpG,jacqueline10@example.net,acteur
bsilva,cGuRhF@x@$5x,lindarose@example.net,lamda
christine21,46r+7NIaX3Nx,angelatorres@example.com,organisateurEvent
yolandabrown,!2FAsA7d7A64,dakotaklein@example.net,acteur
andersonchad,l9K+eFos#30l,adrianwatkins@example.net,Cinema
yjenkins,$beHTntSG7Fk,jacquelinemedina@example.net,Studio
wjohnson,#6rKzyYV2veK,flong@example.com,organisateurSalle
flowersangela,PWIRtcz9*%7%,andrew53@example.org,organisateurSalle
brooketapia,Pnj!7LAn3_yL,louisbaxter@example.net,Club
nwilliams,*QIziYZu)E0P,duane10@example.org,Club
zstephenson,X8M7MiGg7((k,michaelhill@example.com,organisateurSalle
justin89,+4BtVa*!+yEG,mark12@example.net,organisateurEvent
nbrooks,030X5Bv4Dvd),wayne43@example.net,Club
bakerjoshua,7*a%GlWG@%A5,oshaw@example.net,organisateurEvent
kyle42,$56ERTFgNFi4,teresa98@example.org,organisateurEvent
bgriffin,B@!6I3kHw$@x,stevenwilliams@example.org,Club
luisgreen,@nxtoIiX97A9,davidmorris@example.org,organisateurEvent
zreese,nF%(5Upx4Vl@,sandersbrandon@example.net,acteur
hallsamantha,jaWvEbq)@a7T,grant75@example.net,Cinema
duncanjason,Qk!JbNNX+Y7K,esparzasophia@example.com,Club
gsoto,d5e6USzj*3m$,jay55@example.org,Club
herringlindsey,I0TcytzI@+_V,sparksmichael@example.com,Realisateur
rachael53,&jEFd2&c((4!,hwilson@example.com,Club
felicia04,#c9dPEpR5B2I,cookcharles@example.org,Club
mcole,J4&t24Np&+Fl,wadeheather@example.com,lamda
jennifer08,!xCCAbuI90Xk,stephaniespencer@example.com,Club
jacob34,(Jw+M2zltV3A,sarahmorris@example.net,Realisateur
bakersarah,PBY&DP^w7t5G,robin17@example.net,lamda
leericky,!LvWorDf1ApI,davidrivera@example.org,Club
jessica57,+2BdM#(NnTDu,yangjames@example.org,organisateurEvent
robinsonmelissa,+J%JpuJ7h7MS,rnelson@example.net,lamda
mthomas,5HbJv2pgOg0*,gjenkins@example.com,lamda
christopher79,)yDvT2Tx#6PC,leefloyd@example.net,acteur
mcdonalddeanna,kjhJcdCza)W5,phyllis53@example.com,lamda
adamsfrank,@R47A7yI4wV$,jesse32@example.com,organisateurSalle
brittany52,&U8xT3olIES!,lrichardson@example.com,Cinema
aprilsanchez,6XFF7jZ)$SZH,fwood@example.com,Realisateur
welchwilliam,aY1GaQrTR_nJ,williamsnatalie@example.net,Studio
qrichards,i4k$OBpp_diE,melendezkristy@example.com,acteur
wardcarrie,TW7SVXr(g)oE,ianderson@example.net,Cinema
atkinsonaustin,4cHpWDlh_3Mx,lamryan@example.com,organisateurSalle
ericfowler,We^iGuSShI*7,georgegraham@example.org,lamda
traceybrooks,%5u(lVjuKFBX,bryannicole@example.com,Cinema
jenkinsdavid,#1E*HEC1Gx(h,sara88@example.org,acteur
rhonda16,Ozv1Sz1L9i#k,rubiobrandi@example.org,lamda
rioselizabeth,Tuh25XJF1$*t,angelaestrada@example.org,Studio
zanderson,bQSXr0Woy3%U,jonestracy@example.com,acteur
littlestephanie,LLYc2sQqRFX(,jasonscott@example.net,acteur
dcopeland,4jOyMZScCW@1,barbara32@example.net,organisateurSalle
tchandler,)PPl5XmIe9#k,sosahaley@example.com,Realisateur
justin74,%#TUZ$urk%g4,mooresamuel@example.org,Studio
taylorjared,@2N!pZi0LHlE,dhammond@example.com,Realisateur
megangarcia,1Sn!9AyGQ(KD,rebecca70@example.org,organisateurSalle
cory72,kH0ZPfJLY%#5,jeremy04@example.net,organisateurSalle
ebennett,@8fKCOqEl$aC,umorgan@example.org,Club
bridgetbenjamin,@)Y3NBosI)Z0,scottmichelle@example.com,acteur
richardflores,^JaErkjU4xEP,bradley05@example.com,organisateurEvent
danielking,hpLjgGQ4!6b+,dominguezmelissa@example.com,organisateurEvent
jeffrey93,(R8t@&dSNouV,lisafoster@example.net,lamda
thomas27,L1(6PGMcFBf5,johnrussell@example.net,Cinema
ronaldalexander,3381!n7WX*!D,gfranco@example.com,organisateurSalle
mooremichael,5k(A8nAi%B3R,francosharon@example.net,acteur
margaret22,z#A06Ju52wun,cochranamy@example.com,Studio
lisa87,7jKpH+s#&2GX,jonathan71@example.net,Club
carlos14,_zlEOa^Q1b88,aprilbenson@example.com,Club
qzamora,^GjTJ9d^m*2),mitchelldavis@example.org,Cinema
thomas03,b+ETNhi77i5o,cmorrison@example.org,Studio
kingtimothy,LvPR1SkEA%ez,emily42@example.com,Cinema
pgutierrez,ps0F#zk0&CvP,tonya18@example.net,Club
robertsmith,aoB&)#0DL7%u,johnsondaniel@example.com,organisateurEvent
joshuawaters,@SXg22Ln0mVe,alexandra10@example.com,lamda
nicholas63,)0vvdaC_65BO,owhitney@example.com,Club
bradleydavid,nt2BpvYX$ogU,joshua81@example.org,Studio
greenesherry,!t7VpIk8QswV,patrickjennifer@example.org,Club
hernandezmichael,J)WTC!ldVu9q,elizabeth29@example.org,Club
jonesjustin,LL7M8qzh&F+Y,heather92@example.net,Realisateur
graydaniel,u$*fZumkht4v,joshua91@example.org,Cinema
sullivanallison,#1P#r(kSHTpB,mary47@example.org,organisateurEvent
dustintorres,@v6yhVgcP^FN,robert02@example.org,lamda
luisanderson,0j9xpI)k$G_T,watsonjeffrey@example.com,Club
james80,&(XF07VzMn4$,thomas24@example.net,Realisateur
williamswilliam,qY((YQhwt+!5,madams@example.net,Studio
eric87,%2JXy(8ZaP9G,curtiserica@example.org,organisateurEvent
jeffreyharrison,F118FiHUf!uP,russell83@example.com,Realisateur
xbrooks,t#zu6PJdkdVd,chungteresa@example.org,acteur
williamzimmerman,%+OGTd^a#F40,bakerbrett@example.org,Studio
isantana,)jOjVcZzFl32,maldonadochristopher@example.org,acteur
chernandez,YK4Rh0ccwW@9,hhoward@example.net,lamda
walterclark,a4m2aXWN@C@Z,ncastillo@example.com,Club
jeanrodriguez,G@r!KPba3073,qrivers@example.com,organisateurSalle
mark69,(_FaXBSw!ip4,ericreilly@example.org,Studio
christinawright,fFfc0SmOO!FH,jessicajimenez@example.net,acteur
shaffermichelle,m)gZZHE^$5Q!,ehill@example.com,Studio
simmonsdaniel,3#mCb0Ip$NK),jessicavaughn@example.net,Realisateur
david20,c8(c8mUsQ^PB,patriciawest@example.org,lamda
tom10,*D&&1fjYG@F8,stephanieromero@example.com,Club
amberjones,_wHZxZe7m4#H,chuffman@example.com,Cinema
karensolis,(BI9Hi$Nl1aB,bcherry@example.net,acteur
ehill,s9CrahV@&dBS,kingpamela@example.com,acteur
hmorgan,%+2UUk)iZoAS,waresandra@example.net,organisateurEvent
jeff40,40CZxb$MzQd_,rduffy@example.org,Cinema
lance51,+LLHXkenj0#T,jsanchez@example.com,Club
rlewis,YuPRTHMt%9MI,jenniferprince@example.org,Studio
jason90,(9WH1jo%vem$,william33@example.com,organisateurSalle
robertsjoshua,rcyW+Pva2A!1,alan75@example.org,organisateurEvent
tiffany02,uRWaYDoi)xd2,masseyjulie@example.net,lamda
frank70,y5qNW_DzK*2I,linda56@example.com,Cinema
ydodson,iSwO$PJc$6TK,snyderpaul@example.net,Club
dylancarlson,L*^2B#q9nf(T,garrisonmarie@example.com,lamda
davispaul,%0XP0Ewjpcac,millerjanice@example.com,lamda
nvillanueva,%GquDnzrZ8L$,bfreeman@example.net,acteur
james49,+U52Q6gPhuQ3,huangdavid@example.com,acteur
pestrada,$d2_Ffs5QFWv,moniquefuller@example.com,Cinema
xanderson,37LlmYrL&kGY,gregorywolfe@example.net,acteur
wesleybrandt,o#Z4McURr52&,showard@example.com,Club
catherine86,ccSn4uIW+3Y!,edwardssherri@example.com,Realisateur
christy81,@qPnunWFe4UI,garciashelby@example.net,Club
robin20,qSfGNlbVl2@&,bruce23@example.org,Club
christopher74,^4H3vaPqCLoB,crystal48@example.org,Realisateur
eglenn,1K^8JcF#ulte,thompsonshane@example.net,acteur
kelly20,%@LKEQkkonw4,michael23@example.net,organisateurSalle
amandapennington,2)VUr2@1ac2$,sarahwhitaker@example.com,Studio
james59,IZ65&16x+kKS,priscillapalmer@example.com,Realisateur
rodriguezjamie,y%fC&nFzzli2,jonesmichael@example.org,acteur
rcruz,*TbWCyah#^4I,tristan31@example.net,Cinema
cisnerostracy,_NV#ublG20e@,kathleenduarte@example.com,Realisateur
marycarney,Q3Z&&)snspWI,todd88@example.net,organisateurEvent
zpierce,!OUW4QoS5LOm,hornejeffrey@example.com,Club
armstrongjoan,5CqH^YsV!5@R,adamscraig@example.net,organisateurEvent
harrisonjustin,9N7$0Qgr*R2),kbarrett@example.com,Studio
vcontreras,s0lUzXU%^@ow,jonathan08@example.org,Studio
jamesdiaz,09RiWJu2R^7$,matthew19@example.com,Realisateur
nathanschwartz,5wguS!ob%m6m,robertduncan@example.net,organisateurSalle
chad89,r2PmK+I5#5*C,bautistajohnathan@example.net,lamda
greenclaudia,m%TKOnQ1%64V,ronald82@example.net,organisateurEvent
millerbradley,r_6HBlEomx#I,lellis@example.com,organisateurSalle
sabrina59,Z*D%JdT@#1A#,melanie47@example.com,organisateurEvent
whiteruth,(t3EB2y3NxOr,rogersjessica@example.com,acteur
savannahharvey,)(g5wPhWDr_7,smithshawn@example.com,Club
james28,u4bWkK2ki$9S,xlee@example.net,organisateurSalle
hannahday,+!$VRnrtYlp2,nicole42@example.com,organisateurEvent
klewis,6z%ll!k)!3IP,andrewbriggs@example.net,lamda
xwalls,8r2_7h%8z*UU,dwayne68@example.org,Realisateur
imorales,PoJRiOxo!+5_,wrightnatasha@example.org,Club
fwilliams,yk4^Uy1u6hHN,michaelspencer@example.com,lamda
ghahn,&C8yMTwZA7Zt,olsonkimberly@example.org,organisateurSalle
jesserussell,^8s_g2PofQ8O,kramerjulia@example.org,Cinema
iobrien,9a#t*6VoHlL8,smaldonado@example.org,organisateurEvent
peggybryant,OPW%37bc$2G*,tonyabrown@example.org,Studio
wgrant,yV9y5oL$hiW@,amiller@example.org,organisateurEvent
tinatravis,m8GaSF&J&rnE,watsonalyssa@example.net,organisateurSalle
lawsonscott,)w&1VuHXss$B,melissa84@example.com,lamda
gnavarro,FTO#$ZkG#02I,vowens@example.com,organisateurSalle
kimberly18,e3Ib!4#(&c6D,joy37@example.net,Cinema
brenda75,)Xs$U1wHOP1M,jenniferoneal@example.com,Club
blackwellerika,cc+4GpRhW1Y_,lawsonchristopher@example.com,lamda
edwardsgilbert,bWNGaIdT&7nX,markconley@example.org,acteur
perkinsmargaret,xI5FWdo5D+OA,douglasgarcia@example.org,Realisateur
jennifersmith,fU5en_G1&(Ti,nperez@example.net,lamda
mmcknight,%ZB4aHZw^$2),grant93@example.org,Cinema
abigailblack,$8yAgRon^OaW,vdunn@example.net,Club
jamesmarshall,&QQ9QRscc^98,robynchavez@example.org,lamda
gonzalesjacob,)dG*z*r#Y4GG,drakebrent@example.net,Studio
riveramichael,_22MnQajkGEQ,cameronbradley@example.net,acteur
dgriffin,&FBtIxf4O8J!,beverly30@example.com,Studio
hurstcheyenne,^a!)XYxx2eOE,andrewbailey@example.org,Club
jonathan10,8UQL+ZCr3!*2,joneschristopher@example.com,lamda
jamesatkins,jN$VI)UpX%3l,georgebernard@example.com,Cinema
wallmichele,!3bPE(eRykHe,colleensoto@example.org,lamda
nstafford,$z1T$ycz8qRN,joanna97@example.net,acteur
eortiz,*Y+EeJLjP@21,pamela60@example.net,organisateurSalle
jennifer78,7B)TgImT^z3Y,abigailanderson@example.net,Club
anita25,MXd2(7Bt3AI*,carrielara@example.net,Realisateur
kristenmcdonald,1lr(5Hf%@A5r,christopherduncan@example.net,acteur
michaelsnyder,+ciQ9WcgjF5t,zmartinez@example.com,lamda
brian31,!Gz4tNcKzb7H,steven84@example.org,acteur
